{
  "file_path": "outputs\\houdini_test.mp4",
  "duration": 2.0,
  "fps": 24.0,
  "frame_count": 48,
  "width": 1280,
  "height": 704,
  "codec": "FMP4",
  "file_size": 1342940,
  "hash": "12acd6da47367ebc5645757480e42b4156374960f0f82d96ded9773cc3128836",
  "middle_frame_stats": {
    "brightness": 54.921263908617426,
    "contrast": 56.67203340528176,
    "histogram": {
      "blue": [
        96080,
        21763,
        23588,
        17121,
        14322,
        13333,
        14257,
        10103,
        13187,
        10414,
        13036,
        10609,
        13061,
        17145,
        19634,
        24351,
        47292,
        16277,
        9153,
        10766,
        9798,
        10488,
        10449,
        10775,
        9804,
        9832,
        9340,
        10124,
        9317,
        10709,
        6580,
        6646,
        5606,
        5620,
        6154,
        4934,
        5960,
        4479,
        6361,
        6773,
        8940,
        12493,
        10117,
        11637,
        3796,
        7630,
        4572,
        3647,
        2127,
        1488,
        1229,
        974,
        959,
        810,
        995,
        886,
        1024,
        834,
        789,
        693,
        746,
        604,
        601,
        465,
        483,
        375,
        426,
        358,
        393,
        336,
        282,
        376,
        255,
        263,
        231,
        198,
        207,
        162,
        242,
        212,
        130,
        138,
        144,
        181,
        91,
        102,
        93,
        123,
        108,
        160,
        106,
        114,
        112,
        144,
        101,
        84,
        128,
        86,
        106,
        108,
        98,
        123,
        82,
        92,
        137,
        74,
        84,
        105,
        117,
        101,
        104,
        115,
        74,
        112,
        88,
        112,
        165,
        142,
        106,
        109,
        114,
        68,
        95,
        138,
        154,
        120,
        115,
        133,
        132,
        171,
        155,
        161,
        175,
        181,
        207,
        153,
        201,
        262,
        225,
        245,
        365,
        304,
        325,
        333,
        263,
        366,
        264,
        338,
        259,
        430,
        485,
        578,
        654,
        852,
        735,
        2060,
        6629,
        9954,
        11676,
        8876,
        17438,
        19806,
        18135,
        21697,
        16353,
        20127,
        14897,
        12678,
        9820,
        6527,
        4264,
        5456,
        6708,
        6891,
        5736,
        2607,
        153,
        178,
        65,
        28,
        6,
        0,
        1,
        1,
        1,
        0,
        0,
        0,
        0,
        0,
        0,
        0,
        0,
        1,
        0,
        0,
        0,
        0,
        0,
        0,
        0,
        0,
        0,
        0,
        0,
        0,
        0,
        0,
        0,
        0,
        0,
        0,
        0,
        0,
        0,
        0,
        0,
        0,
        0,
        0,
        0,
        0,
        0,
        0,
        0,
        0,
        0,
        0,
        0,
        0,
        0,
        0,
        0,
        0,
        0,
        0,
        0,
        0,
        0,
        0,
        0,
        0,
        0,
        0,
        0,
        0,
        0,
        0,
        0,
        0,
        0,
        0,
        0,
        0,
        0,
        0
      ],
      "green": [
        65301,
        31603,
        28237,
        21808,
        20117,
        18221,
        14996,
        9718,
        8042,
        7906,
        7399,
        6931,
        7154,
        6209,
        5026,
        6127,
        9043,
        19032,
        52213,
        13008,
        6724,
        8979,
        9350,
        8230,
        5778,
        4931,
        3802,
        3203,
        3186,
        2981,
        3580,
        3322,
        3790,
        4587,
        5295,
        7288,
        9870,
        9496,
        6954,
        5811,
        5705,
        5918,
        6258,
        5278,
        5558,
        6488,
        6596,
        6224,
        8143,
        7824,
        6195,
        5822,
        4183,
        4958,
        6603,
        9880,
        12778,
        12041,
        10692,
        4690,
        8357,
        6963,
        4489,
        2547,
        1413,
        975,
        855,
        828,
        787,
        718,
        695,
        605,
        546,
        576,
        584,
        607,
        605,
        470,
        520,
        624,
        604,
        711,
        767,
        659,
        615,
        484,
        549,
        506,
        540,
        424,
        421,
        377,
        266,
        249,
        234,
        242,
        161,
        123,
        117,
        116,
        119,
        165,
        109,
        135,
        123,
        187,
        127,
        105,
        84,
        117,
        122,
        154,
        108,
        107,
        124,
        99,
        144,
        91,
        107,
        113,
        111,
        106,
        156,
        103,
        117,
        106,
        186,
        103,
        128,
        139,
        119,
        82,
        113,
        144,
        188,
        184,
        139,
        171,
        4004,
        6094,
        8749,
        6830,
        5164,
        5135,
        10945,
        12535,
        13992,
        14257,
        14110,
        6220,
        13342,
        16062,
        15680,
        9146,
        7974,
        4943,
        5358,
        3420,
        5607,
        5424,
        1881,
        2581,
        1861,
        1385,
        2309,
        3635,
        3128,
        2873,
        2693,
        1745,
        2204,
        1788,
        717,
        1892,
        1155,
        3175,
        1606,
        1607,
        3380,
        625,
        14,
        6,
        5,
        3,
        0,
        3,
        2,
        1,
        0,
        1,
        1,
        1,
        1,
        1,
        1,
        2,
        0,
        1,
        0,
        0,
        0,
        0,
        0,
        0,
        0,
        0,
        0,
        0,
        0,
        0,
        0,
        0,
        0,
        0,
        0,
        0,
        0,
        0,
        0,
        0,
        0,
        0,
        0,
        0,
        0,
        0,
        0,
        0,
        0,
        0,
        0,
        0,
        0,
        0,
        0,
        0,
        0,
        0,
        0,
        0,
        0,
        0,
        0,
        0,
        0,
        0,
        0,
        0,
        0,
        0,
        0,
        0,
        0,
        0,
        0,
        0
      ],